Epoch	Training loss	Validation loss	SWA LR	SGD LR
1	0.4536534538485787	0.13131117248535157	0.0005	0.0005
2	0.10053501676212658	0.07944392929077149	0.0005	0.0005
3	0.08160363717079162	0.06566710433959962	0.0005	0.0005
4	0.06751956984996796	0.056713373947143556	0.0005	0.0005
5	0.061573802746425974	0.05765805206298828	0.0005	0.0005
6	0.054854381621967666	0.047677566146850585	0.0005	0.0005
7	0.04909842763814059	0.05058173866271973	0.0005	0.0005
8	0.04479646271358837	0.03842866611480713	0.0005	0.0005
