Epoch	Training loss	Validation loss	Learning Rate
1	0.4536513270811601	0.13121522674560546	0.0005
2	0.10054409662593494	0.07941473388671876	0.0005
3	0.08160117286118594	0.06568382835388184	0.0005
