Epoch,Training loss,Validation loss,smoothed_val_loss,SWA LR,SGD LR
1,0.45365522661642593,0.1313400894165039,0.1313400894165039,0.0005,0.0005
2,0.10053101243756034,0.07938544464111329,0.08458090911865235,0.0005,0.0005
3,0.08159914708354256,0.06567077026367188,0.06756178414916993,0.0005,0.0005
4,0.06751919661651958,0.05671025695800781,0.05779540967712402,0.0005,0.0005
5,0.061577703762054445,0.05763889617919922,0.057654547528991705,0.0005,0.0005
6,0.054854133993929084,0.04766952514648438,0.04866802738473511,0.0005,0.0005
7,0.04909652550870722,0.050636681365966794,0.050439815967843624,0.0005,0.0005
8,0.04482807141650807,0.0384548677444458,0.03965336256678558,0.0005,0.0005
9,0.04208381327715787,0.03524696731567383,0.03568760684078501,0.0005,0.0005
