Epoch,Training loss,Validation loss,smoothed_val_loss,current_lr
1,0.4536532073757865,0.13123239212036134,0.13123239212036134,0.0005
2,0.10053259503624656,0.07938287658691406,0.08456782814025879,0.0005
