Epoch	Training loss	Validation loss	smoothed_val_loss	Adam LR
1	0.47588740870735863	0.08083527145385742	0.08083527145385742	0.0005
2	0.04471757710846987	0.02582608242034912	0.05333067693710327	0.0005
3	0.023524452755667946	0.027589824295043947	0.04046025061607361	0.0005
4	0.01646581508354707	0.018447129249572754	0.029453689932823185	0.0005
5	0.012768575608730317	0.014807154464721679	0.022130422198772433	0.0005
