Epoch	Training loss	Validation loss	SWA LR	SGD LR
1	0.4536580902229656	0.13133373489379882	0.0005	0.0005
2	0.10053937083591115	0.07944420852661133	0.0005	0.0005
