Epoch	Training loss	Validation loss	smoothed_val_loss	Adam LR
1	0.2688582689415325	0.05214816246032715	0.05214816246032715	0.0005
2	0.035420724680206996	0.01859158067703247	0.04879250428199768	0.0005
3	0.020250013316761364	0.01566397409439087	0.045479651263237	0.0005
4	0.014350667170502924	0.009036062049865722	0.04183529234189987	0.0005
5	0.01248494538881562	0.012269550132751465	0.038878718120985034	0.0005
6	0.011692508975484154	0.007753604507446289	0.035766206759631165	0.0005
7	0.009916333844986828	0.0082118079662323	0.03301076688029128	0.0005
8	0.00964199717965993	0.007385548496246338	0.030448245041886788	0.0005
9	0.008254449228265069	0.011529040336608887	0.028556324571359	0.0005
