Epoch,Training loss,Validation loss,smoothed_val_loss,current_lr
1,0.4758903192693537,0.08088933868408203,0.08088933868408203,0.0005
2,0.044718732010234484,0.025787331008911132,0.05333833484649658,0.0005
3,0.023533137527379122,0.027442764282226563,0.04039054956436157,0.0005
4,0.016456341484459965,0.018163555717468263,0.029277052640914916,0.0005
5,0.012769433841380205,0.014784292984008789,0.022030672812461852,0.0005
